City_ID,City,Country,Lat,Lng,Max Temp,Humidity,Cloudiness,Wind Speed,Current Description
0,Mana,GF,5.6592,-53.7767,77.81,85,88,10.16,overcast clouds
1,Vaini,TO,-21.2,-175.2,80.76,89,75,11.5,broken clouds
2,Inirida,CO,3.8653,-67.9239,78.39,90,44,2.15,scattered clouds
3,Komsomolskiy,UZ,40.4272,71.7189,70.52,52,73,6.91,broken clouds
4,Tomatlan,MX,19.9333,-105.25,87.26,37,45,9.98,scattered clouds
5,Santa Rosa,PH,14.3122,121.1114,82.38,72,100,5.61,overcast clouds
6,Kangaatsiaq,GL,68.3065,-53.4641,19.18,80,2,8.3,clear sky
7,Rikitea,PF,-23.1203,-134.9692,76.42,71,13,6.17,few clouds
8,Bluff,NZ,-46.6,168.3333,52.47,84,16,12.71,few clouds
9,Puerto Ayora,EC,-0.7393,-90.3518,78.76,81,60,7.56,broken clouds
10,Faanui,PF,-16.4833,-151.75,81.16,72,17,9.4,few clouds
11,Cam Ranh,VN,11.9214,109.1591,76.96,88,20,4.61,few clouds
12,Hobart,AU,-42.8794,147.3294,59.22,81,75,0.0,broken clouds
13,Karpathos,GR,35.507,27.2132,62.56,82,100,18.41,overcast clouds
14,Sinop,TR,41.7711,34.8709,44.31,87,26,4.34,scattered clouds
15,Tharad,IN,24.3961,71.6267,84.49,64,23,13.53,few clouds
16,Busselton,AU,-33.65,115.3333,59.9,83,59,1.88,broken clouds
17,Beringovskiy,RU,63.05,179.3167,16.39,81,78,14.83,broken clouds
18,Alyangula,AU,-13.8483,136.4192,69.67,100,40,3.44,scattered clouds
19,Albany,US,42.6001,-73.9662,68.88,28,100,1.99,overcast clouds
20,Penzance,GB,50.1186,-5.5371,48.88,93,100,5.08,overcast clouds
21,Atuona,PF,-9.8,-139.0333,78.24,81,100,13.09,light rain
22,Saskylakh,RU,71.9167,114.0833,9.16,94,55,5.97,broken clouds
23,Kahului,US,20.8947,-156.47,78.82,75,40,23.02,light rain
24,Suba,PH,10.8438,121.0102,83.46,72,100,3.87,overcast clouds
25,Lavrentiya,RU,65.5833,-171.0,18.59,79,22,12.1,few clouds
26,Cidreira,BR,-30.1811,-50.2056,64.99,72,100,7.85,overcast clouds
27,Clyde River,CA,70.4692,-68.5914,12.43,85,100,16.11,light snow
28,Vila Franca Do Campo,PT,37.7167,-25.4333,66.2,88,39,2.82,scattered clouds
29,Hermanus,ZA,-34.4187,19.2345,58.8,90,51,10.0,broken clouds
30,Mumbwa,ZM,-14.9783,27.0619,57.56,73,0,5.1,clear sky
31,Namibe,AO,-15.1961,12.1522,75.74,63,29,4.52,scattered clouds
32,Hithadhoo,MV,-0.6,73.0833,85.51,70,100,15.68,overcast clouds
33,Ancud,CL,-41.8697,-73.8203,51.28,92,53,5.82,broken clouds
34,Sinjar,IQ,36.3209,41.8754,63.34,68,79,6.24,broken clouds
35,Hrubieszow,PL,50.805,23.8925,49.96,79,98,6.24,overcast clouds
36,Ushuaia,AR,-54.8,-68.3,44.26,65,20,18.41,few clouds
37,Punta Arenas,CL,-53.15,-70.9167,46.51,71,0,16.11,clear sky
38,Mataura,NZ,-46.1927,168.8643,50.88,93,8,2.89,clear sky
39,Dongsheng,CN,39.8161,109.9776,48.61,23,96,8.77,overcast clouds
40,Ponta Do Sol,PT,32.6667,-17.1,67.01,69,0,5.14,clear sky
41,Souillac,MU,-20.5167,57.5167,71.98,94,40,3.44,scattered clouds
42,Savannah Bight,HN,16.45,-85.85,82.27,79,94,18.81,overcast clouds
43,Mar Del Plata,AR,-38.0023,-57.5575,53.62,81,75,15.01,broken clouds
44,Dawlatabad,AF,36.4141,64.9053,73.83,34,100,12.86,overcast clouds
45,Petropavlovsk-Kamchatskiy,RU,53.0452,158.6483,37.99,65,40,4.47,scattered clouds
46,Iisalmi,FI,63.5592,27.1907,30.76,90,98,4.9,overcast clouds
47,Krupina,SK,48.3554,19.0647,54.9,79,84,1.99,broken clouds
48,Marzuq,YE,14.4,46.4667,77.27,51,34,4.43,scattered clouds
49,Bud,US,39.447,-86.1758,69.75,62,96,15.48,overcast clouds
50,Kapaa,US,22.0752,-159.319,80.58,77,40,18.41,scattered clouds
51,Mananjary,MG,-21.2167,48.3333,71.73,91,15,6.42,few clouds
52,Port Elizabeth,ZA,-33.918,25.5701,60.31,86,0,4.61,clear sky
53,Surt,LY,31.2089,16.5887,64.65,82,0,29.73,clear sky
54,East London,ZA,-33.0153,27.9116,61.83,78,0,8.01,clear sky
55,Butaritari,KI,3.0707,172.7902,81.43,79,84,13.65,broken clouds
56,Port Blair,IN,11.6667,92.75,82.56,75,100,4.34,overcast clouds
57,Sabang,ID,5.8933,95.3214,83.55,75,100,20.04,overcast clouds
58,Tashtyp,RU,52.7939,89.8983,54.27,41,91,4.45,overcast clouds
59,Saint-Louis,SN,16.3333,-15.0,94.64,22,11,12.15,few clouds
60,Dingle,PH,10.9995,122.6711,76.82,89,100,5.3,overcast clouds
61,College,US,64.8569,-147.8028,54.28,35,75,8.05,broken clouds
62,Yellowknife,CA,62.456,-114.3525,43.32,52,20,16.11,few clouds
63,Avarua,CK,-21.2078,-159.775,84.25,74,20,5.75,few clouds
64,Port Alfred,ZA,-33.5906,26.891,61.43,84,1,9.19,clear sky
65,Olafsvik,IS,64.8945,-23.7142,34.57,63,17,19.64,few clouds
66,Lata,PT,40.1629,-8.3327,51.03,93,36,4.63,scattered clouds
67,Tuatapere,NZ,-46.1333,167.6833,52.99,88,13,7.47,few clouds
68,Broome,US,42.2506,-75.833,68.77,20,20,9.22,few clouds
69,Astana,KZ,51.1801,71.446,49.95,76,0,6.71,clear sky
70,Bitung,ID,1.4451,125.1824,74.25,86,80,5.57,broken clouds
71,Shitanjing,CN,39.2342,106.3439,49.28,20,18,10.65,few clouds
72,Sao Filipe,CV,14.8961,-24.4956,73.0,75,0,7.25,clear sky
73,Kishtwar,IN,33.3167,75.7667,58.53,46,0,6.17,clear sky
74,Luderitz,NA,-26.6481,15.1594,69.91,33,0,5.93,clear sky
75,Dunedin,NZ,-45.8742,170.5036,57.96,67,10,2.91,clear sky
76,Hilo,US,19.7297,-155.09,82.27,85,100,10.36,moderate rain
77,Portland,US,45.5234,-122.6762,67.28,58,40,4.61,scattered clouds
78,Saint-Philippe,RE,-21.3585,55.7679,74.21,84,3,3.56,clear sky
79,Chokurdakh,RU,70.6333,147.9167,24.55,94,75,10.94,broken clouds
80,Elko,US,41.0002,-115.5012,51.82,65,100,11.01,overcast clouds
81,Okhotsk,RU,59.3833,143.3,35.62,82,26,5.12,scattered clouds
82,Barrow,US,71.2906,-156.7887,19.42,93,100,17.27,overcast clouds
83,Takaungu,KE,-3.6837,39.8566,78.21,86,86,15.12,moderate rain
84,Nova Russas,BR,-4.7067,-40.5631,77.2,82,100,3.67,overcast clouds
85,Pisco,PE,-13.7,-76.2167,69.85,68,0,18.41,clear sky
86,Manaia,NZ,-39.55,174.1333,65.57,79,100,8.12,overcast clouds
87,Ruteng,ID,-8.6136,120.4721,61.7,94,72,2.82,broken clouds
88,Gat,IL,31.61,34.7642,65.08,100,0,4.85,clear sky
89,Punto Fijo,VE,11.6956,-70.1996,82.56,74,94,26.15,overcast clouds
90,Guerrero Negro,MX,27.9769,-114.0611,69.24,54,0,16.91,clear sky
91,Ribeira Grande,PT,38.5167,-28.7,63.23,80,24,2.73,few clouds
92,Qaanaaq,GL,77.484,-69.3632,10.13,74,19,4.63,few clouds
93,Alappuzha,IN,9.49,76.3264,80.76,83,100,7.81,overcast clouds
94,Husavik,IS,66.0449,-17.3389,27.86,78,100,9.69,overcast clouds
95,Kaitangata,NZ,-46.2817,169.8464,53.31,84,12,5.3,few clouds
96,Udachnyy,RU,66.4167,112.4,11.32,87,19,5.44,few clouds
97,Borogontsy,RU,62.6683,131.1683,36.27,80,63,11.74,broken clouds
98,Nahavand,IR,34.1885,48.377,51.13,78,57,2.1,broken clouds
99,Yakeshi,CN,49.2833,120.7333,40.01,35,98,8.05,overcast clouds
100,Kruisfontein,ZA,-34.0033,24.7314,50.88,90,0,5.06,clear sky
101,Birjand,IR,32.8663,59.2211,57.67,77,0,0.0,clear sky
102,Sexsmith,CA,55.35,-118.786,49.35,66,75,11.5,broken clouds
103,Kamenka,RU,51.3223,42.7678,39.34,57,14,4.43,few clouds
104,Meadville,US,41.6414,-80.1515,63.77,84,40,5.99,scattered clouds
105,Cherskiy,RU,68.75,161.3,25.18,85,17,11.21,few clouds
106,Nouna,BF,12.7333,-3.8667,91.2,37,100,11.03,light rain
107,Tilichiki,RU,60.4667,166.1,20.98,87,21,6.13,few clouds
108,Harrison,US,30.4091,-89.0436,84.27,57,20,9.22,few clouds
109,Half Moon Bay,US,37.4636,-122.4286,78.42,60,0,19.57,clear sky
110,Castro,BR,-24.7911,-50.0119,61.86,91,44,2.44,scattered clouds
111,Georgetown,MY,5.4112,100.3354,82.33,93,20,3.44,thunderstorm
112,Shache,CN,38.4167,77.2406,61.72,19,9,7.11,clear sky
113,Provideniya,RU,64.3833,-173.3,28.49,64,19,12.84,few clouds
114,Thompson,CA,55.7435,-97.8558,28.56,80,100,13.8,overcast clouds
115,Tasiilaq,GL,65.6145,-37.6368,30.36,57,88,7.47,overcast clouds
116,Ostrovnoy,RU,68.0531,39.5131,16.12,90,67,8.48,broken clouds
117,Bredasdorp,ZA,-34.5322,20.0403,55.96,94,29,3.89,scattered clouds
118,Adre,TD,13.4667,22.2,84.43,10,71,5.61,broken clouds
119,Srednekolymsk,RU,67.45,153.6833,32.43,96,100,2.46,overcast clouds
120,Vanimo,PG,-2.6741,141.3028,78.31,89,98,4.79,overcast clouds
121,Oussouye,SN,12.485,-16.5469,78.98,67,5,8.34,clear sky
122,Shubarkuduk,KZ,49.1447,56.4872,46.49,71,4,13.91,clear sky
123,Khatanga,RU,71.9667,102.5,10.98,92,92,8.05,overcast clouds
124,Bengkulu,ID,-3.8004,102.2655,75.76,88,94,5.1,overcast clouds
125,Norman Wells,CA,65.282,-126.8329,50.04,40,75,20.71,broken clouds
126,Batagay-Alyta,RU,67.8006,130.4114,17.74,84,100,5.82,overcast clouds
127,Wonthaggi,AU,-38.6044,145.5913,56.82,77,100,11.5,overcast clouds
128,Talnakh,RU,69.4865,88.3972,16.61,96,100,5.57,light snow
129,Saint George,US,37.1041,-113.5841,81.63,12,0,27.63,haze
130,Codrington,AU,-38.2667,141.9667,58.86,82,100,8.55,overcast clouds
131,Tari,NG,12.4086,4.4914,92.95,17,39,5.95,scattered clouds
132,Vardo,NO,70.3705,31.1107,27.64,60,92,2.51,overcast clouds
133,Arraial Do Cabo,BR,-22.9661,-42.0278,76.86,88,0,8.05,clear sky
134,Redmond,US,47.674,-122.1215,65.7,59,100,4.0,overcast clouds
135,Sitka,US,57.0531,-135.33,46.29,76,100,13.8,overcast clouds
136,Muros,ES,42.7762,-9.0603,52.63,86,10,6.53,clear sky
137,Alta,NO,69.9689,23.2717,32.2,78,75,9.22,broken clouds
138,Victoria,HK,22.2855,114.1577,64.26,94,100,5.99,light rain
139,Axim,GH,4.8699,-2.2405,80.33,84,74,6.93,broken clouds
140,Camopi,GF,3.1655,-52.3158,74.21,88,45,4.16,scattered clouds
141,Aasiaat,GL,68.7098,-52.8699,16.41,78,3,4.23,clear sky
142,Lorengau,PG,-2.0226,147.2712,81.61,80,86,3.76,overcast clouds
143,Los Llanos De Aridane,ES,28.6585,-17.9182,64.15,84,0,10.36,clear sky
144,Ballina,AU,-28.8667,153.5667,64.58,96,40,6.91,scattered clouds
145,Nikolskoye,RU,59.7035,30.7861,40.91,88,61,5.59,broken clouds
146,Katangli,RU,51.7102,143.2326,28.2,99,88,2.28,overcast clouds
147,Tiksi,RU,71.6872,128.8694,16.47,89,98,11.83,overcast clouds
148,Chuy,UY,-33.6971,-53.4616,54.55,73,0,9.01,clear sky
149,Lubao,PH,14.9167,120.55,80.31,82,97,2.68,overcast clouds
150,Saldanha,ZA,-33.0117,17.9442,55.45,85,0,8.93,clear sky
151,Kodiak,US,57.79,-152.4072,42.31,81,100,19.57,light rain
152,Isangel,VU,-19.55,169.2667,84.31,84,75,2.3,broken clouds
153,Cervo,ES,43.6702,-7.4101,55.96,79,100,3.76,overcast clouds
154,Marang,MY,5.2056,103.2059,78.71,86,100,2.46,overcast clouds
155,Hualmay,PE,-11.0964,-77.6139,68.18,80,54,8.68,broken clouds
156,Lardos,GR,36.0942,28.0157,66.02,78,97,15.39,overcast clouds
157,Nhulunbuy,AU,-12.2333,136.7667,81.21,74,40,8.05,scattered clouds
158,Qaqortoq,GL,60.7167,-46.0333,37.69,87,66,4.43,broken clouds
159,Alzamay,RU,55.5562,98.6644,45.37,81,100,9.13,overcast clouds
160,Correntina,BR,-13.3433,-44.6367,80.6,36,66,3.53,broken clouds
161,Constantine,DZ,36.365,6.6147,54.81,71,0,2.3,clear sky
162,Kemin,KG,42.7846,75.6892,61.61,40,92,8.72,overcast clouds
163,Kuopio,FI,62.8924,27.677,37.35,65,0,4.61,clear sky
164,Nemuro,JP,43.3236,145.575,40.23,95,100,26.15,moderate rain
165,Lebu,CL,-37.6167,-73.65,52.92,88,20,15.08,few clouds
166,Margate,GB,51.3813,1.3862,53.31,73,100,1.01,overcast clouds
167,Taunggyi,MM,20.7833,97.0333,64.85,67,29,2.21,scattered clouds
168,Mount Gambier,AU,-37.8333,140.7667,57.11,100,100,10.36,overcast clouds
169,Kawalu,ID,-7.3817,108.2082,72.19,97,85,1.79,overcast clouds
170,Tuktoyaktuk,CA,69.4541,-133.0374,37.4,75,75,10.36,broken clouds
171,Cape Town,ZA,-33.9258,18.4232,60.91,78,0,5.75,clear sky
172,Itapora,BR,-22.0799,-54.7874,80.01,44,62,3.6,broken clouds
173,Pangkalanbuun,ID,-2.6833,111.6167,74.59,98,38,2.68,moderate rain
174,Yacuiba,BO,-22.038,-63.6797,58.46,99,100,5.17,overcast clouds
175,Lompoc,US,34.6391,-120.4579,74.7,65,0,30.0,clear sky
176,Lesozavodsk,RU,45.4794,133.4244,41.58,85,100,5.91,overcast clouds
177,Bambous Virieux,MU,-20.3428,57.7575,74.21,94,40,3.44,scattered clouds
178,Sinegorskiy,RU,48.0139,40.8447,46.0,54,93,8.86,overcast clouds
179,Harper,LR,4.375,-7.7169,80.74,81,57,7.54,broken clouds
180,Nandigama,IN,16.7833,80.3,83.21,82,38,10.89,scattered clouds
181,Bilma,NE,18.6853,12.9164,93.49,11,58,8.1,broken clouds
182,Chernyshevskiy,RU,63.0128,112.4714,13.64,84,8,3.11,clear sky
183,Hamilton,US,39.1834,-84.5333,76.44,31,20,19.57,few clouds
184,San Patricio,US,28.017,-97.5169,90.32,61,83,18.32,broken clouds
185,Tezu,IN,27.9167,96.1667,69.21,74,83,3.44,broken clouds
186,San Andres,CO,12.5847,-81.7006,75.22,100,75,9.22,thunderstorm with rain
187,Hovd,MN,48.0056,91.6419,52.14,21,91,7.56,overcast clouds
188,Xianshuigu,CN,38.985,117.3828,55.4,58,0,2.24,clear sky
189,Esperance,AU,-33.8667,121.9,53.44,67,0,6.44,clear sky
190,Byron Bay,AU,-28.65,153.6167,62.94,71,24,10.89,few clouds
191,Salalah,OM,17.0151,54.0924,86.09,79,40,4.61,scattered clouds
192,Lugoba,TZ,-6.45,38.3333,69.84,93,46,3.53,scattered clouds
193,Constitucion,CL,-35.3333,-72.4167,54.27,75,100,10.83,overcast clouds
194,Santa Cruz,BO,-17.8,-63.1667,84.25,58,20,17.27,few clouds
195,Alta Floresta,BR,-9.8756,-56.0861,77.25,82,36,3.24,scattered clouds
196,Sabha,LY,27.0377,14.4283,71.98,35,0,18.19,clear sky
197,Zhigansk,RU,66.7697,123.3711,13.51,91,81,16.31,broken clouds
198,Asau,RO,46.4333,26.4,49.12,95,69,1.97,broken clouds
199,Waw,SS,7.7029,27.9953,81.14,48,45,4.72,scattered clouds
200,Necochea,AR,-38.5473,-58.7368,52.32,57,99,8.52,overcast clouds
201,Jamestown,US,42.097,-79.2353,55.94,93,100,11.5,overcast clouds
202,Turukhansk,RU,65.8167,87.9833,21.92,90,75,11.74,broken clouds
203,Kutum,SD,14.2,24.6667,81.48,9,50,7.94,scattered clouds
204,Iqaluit,CA,63.7506,-68.5145,29.93,74,75,6.91,broken clouds
205,Talcahuano,CL,-36.7167,-73.1167,60.48,67,0,10.36,clear sky
206,Launceston,AU,-41.45,147.1667,57.79,94,40,10.36,scattered clouds
207,Menongue,AO,-14.6585,17.691,59.85,69,57,4.07,broken clouds
208,Skegness,GB,53.1436,0.3363,53.67,88,100,6.38,overcast clouds
209,Sillanwali,PK,31.8261,72.5398,89.19,16,0,7.16,clear sky
210,Paita,PE,-5.0892,-81.1144,70.16,78,57,15.48,broken clouds
211,Biltine,TD,14.5333,20.9167,89.46,16,13,3.83,few clouds
212,Padre Bernardo,BR,-15.35,-48.5,73.11,41,21,3.44,few clouds
213,Magnitogorsk,RU,53.4186,59.0472,36.43,64,75,11.18,broken clouds
214,Zaysan,KZ,47.4667,84.8667,61.74,23,76,6.46,broken clouds
215,Kortkeros,RU,61.8106,51.5806,30.2,80,95,4.7,overcast clouds
216,Wewak,PG,-3.5534,143.6268,78.17,90,99,5.97,overcast clouds
217,Sinnamary,GF,5.3833,-52.95,78.12,83,43,11.18,scattered clouds
218,Oriximina,BR,-1.7656,-55.8661,76.66,92,45,3.89,heavy intensity rain
219,Upernavik,GL,72.7868,-56.1549,7.09,83,71,3.15,broken clouds
220,Puri,IN,19.8,85.85,82.92,88,71,18.16,broken clouds
221,Dalvik,IS,65.9702,-18.5286,30.13,76,100,6.87,overcast clouds
222,Alice Springs,AU,-23.7,133.8833,56.75,67,25,6.91,scattered clouds
223,Bella Vista,US,36.4295,-94.2316,75.72,35,0,5.75,clear sky
224,Altea,ES,38.5989,-0.0514,65.64,73,81,1.01,broken clouds
225,Faya,SA,18.3851,42.4509,66.31,53,5,2.26,clear sky
226,Hambantota,LK,6.1241,81.1185,77.34,100,20,3.44,few clouds
227,Loandjili,CG,-4.7561,11.8578,77.77,92,98,4.85,light rain
228,Narsaq,GL,60.9167,-46.05,46.62,76,57,3.27,broken clouds
229,Cap Malheureux,MU,-19.9842,57.6142,74.46,82,4,1.99,clear sky
230,Phonhong,LA,18.5007,102.4166,70.88,90,99,1.72,overcast clouds
231,Westport,US,41.1415,-73.3579,68.61,45,0,10.36,clear sky
232,Pemangkat,ID,1.1667,108.9667,78.55,88,98,5.88,overcast clouds
233,Mogadishu,SO,2.0371,45.3438,82.9,78,100,14.27,light rain
234,Takoradi,GH,4.8845,-1.7554,80.49,83,82,7.25,broken clouds
235,Fairbanks,US,64.8378,-147.7164,54.3,35,0,8.05,clear sky
236,Tsabong,BW,-26.0217,22.401,64.72,34,0,9.35,clear sky
237,Jining,CN,35.405,116.5814,51.91,36,0,2.24,clear sky
238,Solnechnyy,RU,50.7214,136.6319,34.07,84,89,4.76,overcast clouds
239,Mahebourg,MU,-20.4081,57.7,74.25,94,40,3.44,scattered clouds
240,Sorland,NO,67.667,12.6934,40.26,73,100,23.49,light rain
241,New Norfolk,AU,-42.7826,147.0587,58.87,80,79,1.01,broken clouds
242,Ketchikan,US,55.3422,-131.6461,46.38,93,100,12.66,heavy intensity rain
243,Kendari,ID,-3.945,122.4989,74.75,95,19,3.69,few clouds
244,Vestmannaeyjar,IS,63.4427,-20.2734,44.73,59,100,11.65,overcast clouds
245,Azare,NG,11.6765,10.1948,89.58,31,94,6.6,overcast clouds
246,Corowa,AU,-36.0333,146.3833,51.98,92,1,2.89,clear sky
247,Novovarshavka,RU,54.1721,74.6946,45.88,60,52,9.35,broken clouds
248,Urcos,PE,-13.6861,-71.6228,62.49,67,57,5.17,broken clouds
249,Caceres,ES,39.522,-6.3748,54.97,69,15,8.95,few clouds
250,Cayenne,GF,4.9333,-52.3333,82.09,1,40,3.44,scattered clouds
251,Pundaguitan,PH,6.3711,126.1689,80.83,81,100,7.31,overcast clouds
252,Harbour Breton,CA,47.4833,-55.7983,36.75,98,100,7.23,overcast clouds
253,Omboue,GA,-1.5746,9.2618,78.94,88,91,5.7,overcast clouds
254,Cabo San Lucas,MX,22.8909,-109.9124,86.61,29,20,10.36,few clouds
255,Kavaratti,IN,10.5669,72.642,84.02,72,79,9.24,broken clouds
256,Port-Gentil,GA,-0.7193,8.7815,82.36,83,75,6.91,broken clouds
257,Ler,SS,8.3018,30.1418,84.69,44,96,5.55,overcast clouds
258,Korampallam,IN,8.7667,78.1,84.83,65,100,7.11,overcast clouds
259,Kharan,PK,28.5833,65.4167,80.74,20,2,5.77,clear sky
260,Caravelas,BR,-17.7125,-39.2481,75.11,80,0,5.39,clear sky
261,Abu Samrah,SY,35.3029,37.1841,59.49,77,0,9.53,clear sky
262,Maragogi,BR,-9.0122,-35.2225,77.45,86,74,8.46,broken clouds
263,Amga,RU,60.8953,131.9608,37.53,75,3,10.29,clear sky
264,Mehamn,NO,71.0357,27.8492,22.91,79,75,5.75,broken clouds
265,Torbay,CA,47.6666,-52.7314,47.17,85,75,6.91,broken clouds
266,Lieksa,FI,63.3167,30.0167,33.94,94,100,5.12,overcast clouds
267,Spencer,US,43.1414,-95.1444,48.7,79,100,17.25,overcast clouds
268,Palasa,IN,18.7667,84.4167,81.19,86,85,13.85,overcast clouds
269,Banda Aceh,ID,5.5577,95.3222,80.19,80,98,12.71,overcast clouds
270,Nalut,LY,30.3333,10.85,58.98,55,0,10.18,clear sky
271,Airai,TL,-8.9266,125.4092,58.41,80,73,3.65,broken clouds
272,Laguna,US,38.421,-121.4238,82.69,25,0,16.11,clear sky
273,Ust-Kulom,RU,61.6864,53.6902,25.21,90,75,3.38,broken clouds
274,Bahia Blanca,AR,-38.7196,-62.2724,52.38,68,100,6.02,overcast clouds
275,Katherine,AU,-14.4667,132.2667,70.12,78,14,4.61,few clouds
276,Yar-Sale,RU,66.8333,70.8333,7.52,92,14,6.4,few clouds
277,Geraldton,AU,-28.7667,114.6,50.41,87,0,5.75,clear sky
278,Sambava,MG,-14.2667,50.1667,76.95,86,54,7.23,broken clouds
279,Saint-Joseph,RE,-21.3667,55.6167,73.2,82,2,3.56,clear sky
280,Saint-Augustin,CA,51.226,-58.6502,35.17,80,100,20.98,snow
281,Pevek,RU,69.7008,170.3133,13.21,72,95,7.11,overcast clouds
282,Grindavik,IS,63.8424,-22.4338,41.47,75,0,3.44,clear sky
283,Buluang,PH,13.3068,123.3425,74.98,90,98,2.98,overcast clouds
284,Bolkhov,RU,53.4433,36.0044,41.31,74,98,7.18,overcast clouds
285,Witu,KE,-2.3889,40.4382,82.56,84,96,12.19,light rain
286,Matay,EG,28.419,30.7792,76.77,24,7,8.32,clear sky
287,Beloha,MG,-25.1667,45.05,66.15,83,3,4.47,clear sky
288,Kiunga,PG,-6.1219,141.2906,76.91,87,76,1.52,broken clouds
289,Aklavik,CA,68.2191,-135.0107,39.36,83,51,15.84,broken clouds
290,Lahad Datu,MY,5.0268,118.327,74.86,92,53,3.83,broken clouds
291,Uglekamensk,RU,43.2172,133.2303,38.86,92,89,2.46,light rain
292,Shaowu,CN,27.3409,117.4831,54.59,96,100,1.72,overcast clouds
293,Mecca,SA,21.4267,39.8261,82.44,66,2,2.53,clear sky
294,Taltal,CL,-25.4,-70.4833,62.11,79,23,4.34,few clouds
295,Aksarka,RU,66.5606,67.7975,6.42,93,17,5.19,few clouds
296,Dikson,RU,73.5069,80.5464,5.58,98,99,11.18,overcast clouds
297,Jardim,BR,-21.4803,-56.1381,81.54,41,86,0.67,overcast clouds
298,Hasaki,JP,35.7333,140.8333,50.4,61,100,19.37,overcast clouds
299,Poum,NC,-20.2333,164.0167,77.92,78,10,4.16,clear sky
300,Nabire,ID,-3.3667,135.4833,76.46,91,99,3.49,overcast clouds
301,Winfield,US,37.2398,-96.9956,75.45,34,95,5.75,overcast clouds
302,Thanatpin,MM,17.2119,96.3033,77.18,72,59,3.98,broken clouds
303,Sarkhej,IN,22.9833,72.5,89.73,51,0,6.91,smoke
304,Tautira,PF,-17.7333,-149.15,79.32,74,40,6.67,light rain
305,Oranjemund,NA,-28.55,16.4333,62.98,41,0,2.95,clear sky
306,Seryshevo,RU,51.0933,128.3786,42.58,38,100,3.02,overcast clouds
307,Wanning,CN,18.8003,110.3967,69.91,94,100,16.55,overcast clouds
308,Carnarvon,AU,-24.8667,113.6333,59.07,82,0,6.91,clear sky
309,Quatre Cocos,MU,-20.2078,57.7625,74.08,82,6,4.0,clear sky
310,Hervey Bay,AU,-25.2986,152.8535,67.01,95,100,4.0,light rain
311,Isny,DE,47.7,10.0333,46.24,71,20,2.98,few clouds
312,Belaya Gora,RU,68.5333,146.4167,26.56,92,71,7.0,broken clouds
313,Armidale,AU,-30.5167,151.65,52.03,83,17,5.99,few clouds
314,Dezhou,CN,37.4486,116.2925,58.15,36,5,4.72,clear sky
315,Humaita,BR,-7.5061,-63.0208,76.69,92,69,2.01,broken clouds
316,Kudahuvadhoo,MV,2.6708,72.8944,85.95,72,94,19.82,overcast clouds
317,Ilhabela,BR,-23.7781,-45.3581,73.78,86,17,3.24,few clouds
318,Baherden,TM,38.4362,57.4316,64.2,82,100,4.7,moderate rain
319,Lodja,CD,-3.4833,23.4333,67.14,97,100,0.94,overcast clouds
320,Yeppoon,AU,-23.1333,150.7333,69.58,87,96,13.69,overcast clouds
321,Ilulissat,GL,69.2167,-51.1,26.62,50,51,4.61,broken clouds
322,Coquimbo,CL,-29.9533,-71.3436,60.53,77,0,13.8,clear sky
323,Meulaboh,ID,4.1363,96.1285,76.68,88,100,3.87,overcast clouds
324,Intipuca,SV,13.1969,-88.0544,87.13,59,87,6.78,overcast clouds
325,Pinhao,BR,-25.6956,-51.6597,59.77,97,51,1.74,broken clouds
326,Mata Grande,BR,-9.1175,-37.7322,73.9,61,99,11.77,overcast clouds
327,Bathsheba,BB,13.2167,-59.5167,83.01,74,40,14.97,scattered clouds
328,Chardara,KZ,41.2547,67.9692,71.01,44,98,9.89,overcast clouds
329,Christchurch,NZ,-43.5333,172.6333,60.94,82,100,3.44,overcast clouds
330,Norden,DE,53.6,7.2,44.94,78,27,4.59,scattered clouds
331,Weligama,LK,5.9667,80.4167,79.34,88,96,11.72,overcast clouds
332,Tsiroanomandidy,MG,-18.7667,46.0333,60.1,81,3,2.73,clear sky
333,Baykit,RU,61.67,96.37,21.29,93,65,2.66,broken clouds
334,Nishihara,JP,26.1842,127.7558,61.88,83,100,12.66,light rain
335,Rio Hato,PA,8.3833,-80.1667,80.15,78,40,3.44,scattered clouds
336,Henties Bay,NA,-22.116,14.2845,62.46,71,0,2.13,clear sky
337,Ndjole,GA,-0.1783,10.7649,76.01,97,96,2.01,light rain
338,Shirokiy,RU,49.758,129.523,43.2,53,91,4.85,overcast clouds
339,Nagato,JP,34.3833,131.2,57.96,64,69,11.23,broken clouds
340,Tibu,CO,8.639,-72.7358,90.84,55,31,3.02,scattered clouds
341,Antofagasta,CL,-23.65,-70.4,61.88,81,21,7.52,few clouds
342,Ulladulla,AU,-35.35,150.4667,50.9,67,9,3.29,clear sky
343,Banjar,ID,-8.19,114.9675,76.98,90,99,3.96,overcast clouds
344,Yumen,CN,40.2833,97.2,44.73,18,3,2.68,clear sky
345,Ambon,ID,-3.6954,128.1814,77.14,94,40,8.05,scattered clouds
346,Les Cayes,HT,18.2,-73.75,77.31,86,100,11.97,overcast clouds
347,Kadnikov,RU,59.5022,40.338,30.36,95,36,3.76,scattered clouds
348,Yerbogachen,RU,61.2767,108.0108,23.02,81,9,3.31,clear sky
349,Severo-Kurilsk,RU,50.6789,156.125,35.11,87,81,9.24,broken clouds
350,Gazli,UZ,40.1333,63.45,71.44,51,100,23.53,overcast clouds
351,Fortuna,US,40.5982,-124.1573,63.93,67,0,14.97,clear sky
352,Sao Jose Da Coroa Grande,BR,-8.8978,-35.1478,77.85,85,68,8.08,broken clouds
353,Murray Bridge,AU,-35.1167,139.2667,59.13,83,7,3.69,clear sky
354,Ternuvate,UA,47.8305,36.1276,44.8,73,21,6.73,few clouds
355,Berbera,SO,10.4396,45.0143,84.72,73,100,6.24,overcast clouds
356,Catamarca,AR,-28.4696,-65.7852,67.77,48,56,1.01,broken clouds
357,Mildura,AU,-34.2,142.15,46.36,100,0,0.0,clear sky
358,Carnduff,CA,49.1667,-101.8009,53.38,51,100,14.74,overcast clouds
359,Havelock,US,34.8791,-76.9013,78.98,68,40,12.66,scattered clouds
360,Graaff-Reinet,ZA,-32.2522,24.5308,58.28,47,1,2.86,clear sky
361,Virginia Beach,US,36.8529,-75.978,80.65,53,75,13.8,broken clouds
362,Avera,US,33.194,-82.5271,83.71,57,100,7.96,overcast clouds
363,Waipawa,NZ,-41.4122,175.5153,61.21,70,100,13.67,light rain
364,La Asuncion,VE,11.0333,-63.8628,74.93,88,43,20.71,scattered clouds
365,Garissa,KE,-0.4536,39.6401,79.18,75,100,18.5,overcast clouds
366,Canutama,BR,-6.5339,-64.3831,79.21,84,95,2.15,overcast clouds
367,Tazovskiy,RU,67.4667,78.7,8.01,98,86,6.85,overcast clouds
368,La Ronge,CA,55.1001,-105.2842,37.65,52,40,6.91,scattered clouds
369,Pangnirtung,CA,66.1451,-65.7125,29.37,97,100,6.49,light snow
370,Port Hardy,CA,50.6996,-127.4199,53.78,58,100,8.05,overcast clouds
371,Baculin,PH,7.4525,126.5842,77.72,91,99,7.92,overcast clouds
372,Langsa,ID,4.4683,97.9683,75.33,97,100,3.11,overcast clouds
373,Montepuez,MZ,-13.1256,38.9997,65.37,92,8,9.53,clear sky
374,Emporia,US,38.4039,-96.1817,74.52,26,0,6.91,clear sky
375,Iwanai,JP,42.9744,140.5089,44.15,73,34,5.61,scattered clouds
376,Nioro,GM,13.35,-15.75,85.68,32,42,9.6,scattered clouds
377,Moron,AR,-34.6534,-58.6198,62.49,50,0,4.7,clear sky
378,Camacha,PT,33.0833,-16.3333,60.22,82,40,14.97,scattered clouds
379,Masuguru,TZ,-11.3667,38.4167,69.31,83,14,4.97,few clouds
380,Abasolo,MX,20.45,-101.5167,90.63,10,100,7.07,overcast clouds
381,Mayo,US,38.8876,-76.5119,59.97,90,100,5.75,overcast clouds
382,Nanga Eboko,CM,4.6833,12.3667,67.21,99,100,2.71,moderate rain
383,San Quintin,MX,30.4833,-115.95,65.16,67,1,16.17,clear sky
384,Noumea,NC,-22.2763,166.4572,80.58,99,61,11.32,broken clouds
385,Marshall,US,34.3834,-86.3333,82.71,48,40,10.36,scattered clouds
386,Gilgit,PK,35.9221,74.3087,69.78,41,2,3.33,clear sky
387,Verkhovazhye,RU,60.7472,42.0465,29.46,93,98,2.33,overcast clouds
388,Martapura,ID,-3.4167,114.85,73.49,100,67,2.3,broken clouds
389,Kloulklubed,PW,7.0419,134.2556,75.7,76,100,15.82,overcast clouds
390,Bajil,YE,15.0584,43.2851,89.91,45,6,2.55,clear sky
391,Pacific Grove,US,36.6177,-121.9166,73.54,67,0,8.05,clear sky
392,Longkou,CN,37.6508,120.3286,52.41,51,49,9.95,scattered clouds
393,Huaiyin,CN,33.5886,119.0192,52.57,74,1,8.46,clear sky
394,Semey,KZ,50.4111,80.2275,70.84,34,100,11.61,overcast clouds
395,Nadym,RU,65.5333,72.5167,18.73,94,100,2.57,overcast clouds
396,Shahr-E Babak,IR,30.1165,55.1186,61.65,33,2,13.78,clear sky
397,Tabas,IR,33.5959,56.9244,73.62,46,10,2.3,clear sky
398,Raudeberg,NO,61.9875,5.1352,45.27,70,99,19.77,overcast clouds
399,Touros,BR,-5.1989,-35.4608,80.46,79,93,12.24,overcast clouds
400,Boca Do Acre,BR,-8.7522,-67.3978,81.07,71,100,0.65,overcast clouds
401,Athabasca,CA,54.7169,-113.2854,41.41,73,100,15.28,overcast clouds
402,Richards Bay,ZA,-28.783,32.0377,62.28,77,0,6.73,clear sky
403,Kizema,RU,61.113,44.8302,27.77,92,76,4.12,broken clouds
404,Gandajika,CD,-6.75,23.95,66.78,95,98,3.0,overcast clouds
405,Lagoa,PT,39.05,-27.9833,61.52,81,10,2.19,clear sky
406,Ucluelet,CA,48.9329,-125.5528,53.1,81,100,1.01,overcast clouds
407,Dorado,PR,18.4588,-66.2677,77.58,93,100,12.66,overcast clouds
408,Lashio,MM,22.9333,97.75,62.08,86,7,2.33,clear sky
409,Tisovec,SK,48.6774,19.9436,53.4,76,75,3.78,broken clouds
410,Bosaso,SO,11.2842,49.1816,85.68,68,4,3.56,clear sky
411,Bethel,US,41.3712,-73.414,68.36,37,0,6.91,clear sky
412,Scarborough,GB,54.2797,-0.4044,53.65,83,100,2.91,overcast clouds
413,Thohoyandou,ZA,-22.9456,30.485,57.43,80,1,2.48,clear sky
414,Kaili,ID,-3.4626,120.2147,67.26,96,41,2.68,scattered clouds
415,Kholbon,RU,51.8833,116.25,49.51,61,100,6.29,overcast clouds
416,Korla,CN,41.7597,86.1469,58.53,28,18,4.27,few clouds
417,Flinders,AU,-34.5833,150.8552,56.05,92,10,3.0,clear sky
418,Nuevo Progreso,MX,23.1667,-97.95,88.54,58,74,8.01,broken clouds
419,Garmsar,IR,35.2182,52.3409,67.26,50,100,5.12,overcast clouds
420,Phalaborwa,ZA,-23.943,31.1411,63.68,69,0,4.68,clear sky
421,Tual,ID,-5.6667,132.75,83.32,75,76,11.81,broken clouds
422,Ust-Uda,RU,54.1742,103.0304,47.95,96,100,4.74,overcast clouds
423,Paramonga,PE,-10.6667,-77.8333,67.77,82,35,8.7,scattered clouds
424,Port Augusta,AU,-32.5,137.7667,57.09,62,0,2.1,clear sky
425,Farafangana,MG,-22.8167,47.8333,71.47,86,3,4.99,clear sky
426,Ridgecrest,US,35.6225,-117.6709,84.69,12,0,4.61,clear sky
427,Khash,IR,28.2211,61.2158,65.8,42,0,4.23,clear sky
428,El Salto,MX,20.3333,-104.5,86.67,12,33,9.57,scattered clouds
429,Nouakchott,MR,18.0858,-15.9785,69.73,77,1,11.18,clear sky
430,Port Lincoln,AU,-34.7333,135.8667,58.03,89,0,8.57,clear sky
431,Goure,NE,13.9835,10.2704,89.02,20,69,7.65,broken clouds
432,Tessalit,ML,20.1986,1.0114,79.5,14,24,9.53,few clouds
433,Kieta,PG,-6.2167,155.6333,81.68,80,98,3.42,overcast clouds
434,Huarmey,PE,-10.0681,-78.1522,68.83,80,66,8.79,broken clouds
435,Vallenar,CL,-28.5708,-70.7581,68.95,43,0,4.27,clear sky
436,Key West,US,24.5557,-81.7826,87.8,57,0,14.97,clear sky
437,Monjas,GT,14.5,-89.8667,86.49,37,91,7.11,overcast clouds
438,Klaksvik,FO,62.2266,-6.589,41.92,75,94,22.03,overcast clouds
439,Butterworth,MY,5.3991,100.3638,82.44,93,20,3.44,thunderstorm
440,Coahuayana,MX,18.7333,-103.6833,88.99,34,83,7.56,broken clouds
441,Silver City,US,32.7701,-108.2803,80.56,8,0,18.41,clear sky
442,Prince Rupert,CA,54.3161,-130.3201,46.49,81,100,31.07,light rain
443,Kyzyl-Suu,KG,42.3414,78.0056,52.43,41,65,9.82,broken clouds
444,Erzin,TR,36.9559,36.2,62.29,94,90,2.84,overcast clouds
445,Yulara,AU,-25.2406,130.9889,58.84,67,100,6.91,overcast clouds
446,Shimoda,JP,34.6667,138.95,55.11,79,100,9.6,overcast clouds
447,Erdenet,MN,49.0333,104.0833,49.17,29,72,3.74,broken clouds
448,Nuuk,GL,64.1835,-51.7216,30.81,74,20,11.5,few clouds
449,Sulphur Springs,US,33.1385,-95.6011,84.15,30,0,8.05,clear sky
450,Wollongong,AU,-34.4333,150.8833,57.07,70,9,3.47,clear sky
451,Oktyabrskiy,RU,54.4815,53.471,33.19,63,0,3.04,clear sky
452,Torbat-E Jam,IR,35.244,60.6225,64.13,62,98,3.27,overcast clouds
453,Sabla,NG,12.7525,4.7077,91.6,17,20,7.72,few clouds
454,Khasan,RU,42.4308,130.6434,42.03,65,64,10.0,broken clouds
455,Manama,BH,26.2154,50.5832,82.35,62,0,3.44,clear sky
456,Joensuu,FI,62.6012,29.7632,37.89,81,75,2.3,broken clouds
457,Luanda,AO,-8.8368,13.2343,76.59,90,98,5.82,overcast clouds
458,Voronovytsya,UA,49.1095,28.6808,43.74,71,11,5.66,few clouds
459,Katsuura,JP,35.1333,140.3,55.81,75,100,13.11,overcast clouds
460,Svetlogorsk,BY,52.6333,29.7333,43.18,91,53,4.81,broken clouds
461,Soe,ID,-9.8607,124.284,66.0,93,56,4.09,broken clouds
462,Hesperia,US,34.4264,-117.3009,81.05,27,0,15.01,clear sky
463,Makungu,TZ,-8.7333,35.2833,62.04,98,92,3.91,light rain
464,Aloleng,PH,16.1307,119.7824,81.21,74,84,3.98,broken clouds
465,Amudat,UG,1.95,34.95,66.49,91,97,2.42,moderate rain
466,Inverness,GB,57.4791,-4.224,51.8,93,75,3.44,broken clouds
467,North Bend,US,43.4065,-124.2243,69.24,81,0,11.5,clear sky
468,Volkhov,RU,59.9258,32.3382,34.99,89,89,5.03,overcast clouds
469,Berlevag,NO,70.8578,29.0864,22.95,80,75,9.22,broken clouds
470,Zeerust,ZA,-25.5369,26.0751,58.39,58,0,1.52,clear sky
471,Oranjestad,AW,12.524,-70.027,84.15,79,20,23.02,few clouds
472,Pokhara,NP,28.2333,83.9833,65.34,63,98,4.0,overcast clouds
473,Jamame,SO,0.0722,42.7506,77.94,88,100,7.47,moderate rain
474,Dunmore Town,BS,25.5,-76.65,75.65,76,27,17.36,scattered clouds
475,Oksfjord,NO,70.2396,22.3479,33.98,91,94,8.28,overcast clouds
476,Voyvozh,RU,62.892,54.9635,22.03,91,34,3.49,scattered clouds
477,Kushiro,JP,42.975,144.3747,42.33,97,100,15.82,moderate rain
478,Honiara,SB,-9.4333,159.95,81.99,81,99,1.92,overcast clouds
479,Nelson Bay,AU,-32.7167,152.15,59.09,98,29,3.49,light rain
480,Areosa,PT,41.7178,-8.8571,53.87,88,4,12.12,clear sky
481,Nanfeng,CN,23.7434,111.7959,58.28,96,100,2.19,overcast clouds
482,Antalaha,MG,-14.9003,50.2788,74.91,90,37,5.06,scattered clouds
483,Zhangye,CN,38.9342,100.4517,46.58,29,0,6.42,clear sky
484,Goderich,CA,43.7501,-81.7165,57.52,77,100,13.8,overcast clouds
485,Mercedes,AR,-34.6515,-59.4307,57.04,62,0,5.55,clear sky
486,Pareora,NZ,-44.4871,171.2132,58.17,97,34,1.48,scattered clouds
487,Arlit,NE,18.7369,7.3853,86.41,11,1,10.58,clear sky
488,Aquiraz,BR,-3.9014,-38.3911,82.49,81,67,10.09,broken clouds
489,Longyearbyen,SJ,78.2186,15.6401,12.04,79,75,5.75,broken clouds
490,Marawi,PH,7.9986,124.2928,70.56,95,99,0.4,overcast clouds
491,Donskoye,RU,45.4552,41.9741,51.93,90,100,14.58,overcast clouds
492,Karpogory,RU,64.0019,44.4451,26.76,88,78,5.57,light snow
493,Tocopilla,CL,-22.092,-70.1979,66.38,72,19,6.15,few clouds
494,Alugan,PH,12.2188,125.4808,79.57,80,99,6.44,overcast clouds
495,Pringsewu,ID,-5.3582,104.9744,73.89,96,100,3.4,overcast clouds
496,Myitkyina,MM,25.3833,97.4,66.33,97,68,1.79,broken clouds
497,Boende,CD,-0.2167,20.8667,72.77,88,89,3.53,overcast clouds
498,Sulangan,PH,11.1373,123.7228,81.18,77,74,11.48,broken clouds
499,Gouyave,GD,12.1646,-61.7296,81.37,74,20,18.41,few clouds
500,Svetlyy,RU,54.675,20.1347,41.05,91,52,3.49,broken clouds
501,Hirara,JP,24.8,125.2833,67.75,86,100,23.87,overcast clouds
502,Carinhanha,BR,-14.3047,-43.765,83.16,36,55,6.89,broken clouds
503,Darhan,MN,49.4867,105.9228,53.67,34,85,4.23,overcast clouds
504,Kotido,UG,2.9806,34.1331,67.69,86,74,5.5,moderate rain
505,Barcelos,PT,41.5388,-8.6151,57.34,93,3,5.55,clear sky
506,Nanakuli,US,21.3906,-158.1547,82.35,57,20,13.8,few clouds
507,Jalu,LY,29.0331,21.5482,91.72,18,99,26.73,overcast clouds
508,Zhuhai,CN,22.2769,113.5678,62.38,94,40,18.41,light intensity shower rain
509,Diego De Almagro,CL,-26.3667,-70.05,68.76,32,0,7.2,clear sky
510,Ocampo,MX,21.65,-101.5,79.92,12,50,11.3,scattered clouds
511,Muroto,JP,33.2833,134.15,58.89,63,100,1.88,overcast clouds
512,Muzhi,RU,65.3667,64.6667,13.89,85,43,2.48,scattered clouds
513,Yuanli,TW,24.4397,120.6535,68.23,100,75,14.97,broken clouds
514,Mount Isa,AU,-20.7333,139.5,69.57,68,14,10.36,few clouds
515,Boa Vista,BR,2.8197,-60.6733,91.38,38,40,12.66,scattered clouds
516,Moose Factory,CA,51.2585,-80.6094,50.0,57,0,13.8,clear sky
517,Hermosillo,MX,29.0667,-110.9667,94.84,15,0,10.0,clear sky
518,Beyneu,KZ,45.3167,55.2,63.48,46,11,18.01,few clouds
519,Cape Canaveral,US,28.4058,-80.6048,83.19,67,20,11.5,few clouds
520,Esik,KZ,43.3552,77.4525,54.82,27,91,8.41,overcast clouds
521,Arrecife,ES,28.963,-13.5477,66.18,77,20,17.27,few clouds
522,Changping,CN,40.2186,116.2197,44.24,40,25,1.1,scattered clouds
523,Poronaysk,RU,49.2167,143.1167,36.55,77,100,6.91,overcast clouds
524,Kilindoni,TZ,-7.9139,39.6668,80.94,76,72,19.08,light rain
525,Dumraon,IN,25.55,84.15,84.04,51,0,12.15,clear sky
526,Durango,MX,24.8333,-104.8333,84.2,5,100,19.98,overcast clouds
527,Djibo,BF,14.1022,-1.6306,93.38,24,95,1.32,overcast clouds
528,Hokitika,NZ,-42.7167,170.9667,58.24,91,100,5.73,overcast clouds
529,Saint-Pierre,RE,-21.3393,55.4781,74.91,73,0,3.44,clear sky
530,Sur,OM,22.5667,59.5289,82.72,61,0,9.46,clear sky
531,Opuwo,NA,-18.0607,13.84,72.14,39,38,6.53,scattered clouds
532,Shingu,JP,33.7333,135.9833,52.81,54,99,5.53,overcast clouds
533,Puerto Ayacucho,VE,5.6639,-67.6236,81.09,81,90,2.8,light rain
534,Ternate,ID,0.8,127.4,82.44,75,35,3.85,scattered clouds
535,Ayan,RU,56.45,138.1667,30.07,88,24,2.04,few clouds
536,Devils Lake,US,48.1128,-98.8651,42.91,77,100,20.71,overcast clouds
537,High Level,CA,58.5169,-117.136,51.91,46,40,12.66,scattered clouds
538,Pombas,CV,17.1503,-25.0201,69.58,79,10,13.6,clear sky
539,Hami,CN,42.8,93.45,59.74,12,2,4.43,clear sky
540,Totness,SR,5.8833,-56.3167,79.14,79,43,11.27,scattered clouds
541,Iskateley,RU,67.6803,53.1512,11.52,96,85,9.01,overcast clouds
542,Orichi,RU,58.4036,49.0572,33.08,94,95,5.66,overcast clouds
543,Nome,US,64.5011,-165.4064,42.87,57,0,24.16,clear sky
544,Yurginskoye,RU,56.8189,67.3921,35.4,91,20,5.95,few clouds
545,Daud Khel,PK,32.875,71.5701,91.08,16,3,5.32,clear sky
546,Azua,DO,18.4532,-70.7349,72.39,98,100,4.63,overcast clouds
547,Fuzhou,CN,26.0614,119.3061,57.09,94,100,1.97,moderate rain
548,Puteyets,RU,65.1716,57.091,23.45,87,47,4.92,scattered clouds
549,Porto Seguro,BR,-16.4497,-39.0647,79.32,73,20,8.05,few clouds
550,Acarau,BR,-2.8856,-40.12,79.66,82,52,13.22,broken clouds
551,Dubbo,AU,-32.25,148.6167,51.93,87,40,12.66,scattered clouds
552,Eyemouth,GB,55.8713,-2.0901,55.24,90,81,5.48,broken clouds
553,Honningsvag,NO,70.9821,25.9704,28.15,74,75,16.11,broken clouds
554,Kaseda,JP,31.4167,130.3167,59.22,57,100,10.65,overcast clouds
555,Clyde,US,41.3042,-82.9752,67.62,71,64,18.75,broken clouds
556,La Reforma,MX,25.0833,-108.05,83.26,37,99,12.57,overcast clouds
557,Baijiantan,CN,45.6333,85.1833,68.81,13,75,8.68,broken clouds
558,Kenai,US,60.5544,-151.2583,50.02,47,40,10.36,scattered clouds
559,Tucuman,AR,-26.8241,-65.2226,64.4,63,75,5.75,broken clouds
560,Adrar,MR,20.5022,-10.0711,81.1,13,0,11.92,clear sky
561,Fiumicino,IT,41.7675,12.2291,59.0,80,0,0.0,clear sky
562,Madisonville,US,37.3281,-87.4989,76.86,57,0,12.73,clear sky
563,Kristiansund,NO,63.1115,7.732,46.45,70,100,12.66,overcast clouds
564,Shetpe,KZ,44.1667,52.1167,61.32,40,0,19.57,clear sky
565,Nyagan,RU,62.1406,65.3936,29.79,97,100,9.31,snow
566,Berdychiv,UA,49.8993,28.6024,43.99,74,7,6.49,clear sky
567,Sioux Lookout,CA,50.1001,-91.917,39.27,93,100,5.75,mist
568,Carutapera,BR,-1.195,-46.02,76.53,92,100,5.5,light rain
569,Babu,CN,24.4167,111.5167,54.18,94,99,4.65,overcast clouds
570,Anshun,CN,26.25,105.9333,46.71,86,100,5.79,overcast clouds
571,Badiraguato,MX,25.3667,-107.5167,90.7,8,100,8.72,overcast clouds
572,Imbituba,BR,-28.24,-48.6703,68.86,91,85,7.7,overcast clouds
573,Port Macquarie,AU,-31.4333,152.9167,59.9,68,92,3.22,overcast clouds
574,Alekseyevka,RU,50.6309,38.6903,41.68,54,8,3.76,clear sky
575,Nisia Floresta,BR,-6.0911,-35.2086,82.78,87,74,7.18,broken clouds
576,Kidal,ML,18.4411,1.4078,85.59,11,57,9.95,broken clouds
577,Viedma,AR,-40.8135,-62.9967,51.91,68,100,10.13,overcast clouds
578,Mandalgovi,MN,45.7625,106.2708,49.86,27,7,5.39,clear sky
579,Gedo,ET,9.0167,37.45,57.69,77,100,2.06,light rain
580,Alofi,NU,-19.0595,-169.9187,82.29,83,100,5.75,overcast clouds
581,Palmdale,US,34.5794,-118.1165,78.35,23,0,14.97,clear sky
582,San Rafael Del Sur,NI,11.8485,-86.4384,95.97,53,100,5.68,overcast clouds
583,Xichang,CN,27.8964,102.2634,46.53,83,100,3.4,overcast clouds
584,Pyapon,MM,16.2833,95.6833,81.36,74,48,6.71,scattered clouds
585,Asuncion,PY,-25.3007,-57.6359,71.04,88,75,11.5,broken clouds
586,Neiafu,TO,-18.65,-173.9833,84.88,84,75,5.75,broken clouds
587,Maniitsoq,GL,65.4167,-52.9,29.03,74,87,10.38,overcast clouds
588,Pandan Niog,PH,6.2282,120.5631,82.31,76,100,3.2,light rain
589,Nova Olimpia,BR,-14.7972,-57.2881,78.91,54,8,2.8,clear sky
590,Neyshabur,IR,36.2133,58.7958,62.28,65,100,3.04,light rain
591,Hukuntsi,BW,-24.0,21.75,63.55,39,0,9.06,clear sky
592,Chapais,CA,49.7834,-74.8492,56.98,75,70,7.14,broken clouds
593,Xudat,AZ,41.631,48.681,52.63,92,72,8.37,broken clouds
594,Sturgeon Falls,CA,46.3646,-79.9326,66.16,55,100,9.19,light rain
595,Puksoozero,RU,62.5903,40.6066,24.28,91,50,4.34,scattered clouds
596,Tiarei,PF,-17.5333,-149.3333,86.02,74,29,6.06,light rain
597,Panaba,MX,21.2833,-88.2667,88.63,48,59,14.43,broken clouds
598,Suntar,RU,62.1444,117.6319,24.15,76,69,12.12,broken clouds
599,Mountain Home,US,43.133,-115.6912,56.68,100,75,16.11,broken clouds
600,Jaciara,BR,-15.9653,-54.9683,77.5,49,55,1.54,broken clouds
601,Gamba,GA,-2.65,10.0,77.7,89,90,4.94,light rain
602,Davila,PH,18.4726,120.5763,76.98,76,96,3.91,light rain
603,Czersk,PL,53.7959,17.9765,38.46,71,100,4.03,overcast clouds
604,Camana,PE,-16.6228,-72.7111,67.44,76,57,4.52,broken clouds
605,Kodinsk,RU,58.6881,99.1844,28.99,82,100,7.05,overcast clouds
606,Shahreza,IR,32.0339,51.8794,60.3,42,65,15.21,broken clouds
607,Nacala,MZ,-14.5428,40.6728,71.6,79,30,9.64,scattered clouds
608,Saint-Georges,GD,12.0564,-61.7485,82.08,74,20,18.41,few clouds
609,Bindi,SL,9.9167,-11.45,80.78,65,89,2.24,overcast clouds
610,Beira,MZ,-19.8436,34.8389,77.09,73,40,13.0,scattered clouds
611,Buchanan,LR,5.8808,-10.0467,80.82,84,100,7.94,overcast clouds
612,Porterville,US,36.0652,-119.0168,77.52,33,0,6.89,clear sky
613,Praya,CV,14.9215,-23.5087,72.14,78,20,17.27,few clouds
614,Iracoubo,GF,5.4802,-53.2011,78.28,83,40,10.87,scattered clouds
615,Barreirinhas,BR,-2.7469,-42.8264,77.36,89,48,4.27,scattered clouds
616,Celles,BE,50.7123,3.4573,52.3,67,100,5.77,overcast clouds
617,Fukue,JP,32.6881,128.8419,61.02,46,100,12.33,overcast clouds
618,Loum,CM,4.7182,9.7351,73.8,99,98,1.39,moderate rain
619,Gunjur,GM,13.2019,-16.7339,71.67,78,22,11.5,few clouds
620,Loreto,MX,22.2667,-101.9667,83.44,10,79,15.32,broken clouds
621,Kaeo,NZ,-35.1,173.7833,62.33,97,99,9.37,overcast clouds
622,Zelenoborskiy,RU,66.845,32.3622,25.9,89,78,4.14,broken clouds
623,Urengoy,RU,65.9667,78.3667,24.93,96,100,4.09,light snow
624,Umm Lajj,SA,25.0213,37.2685,79.09,52,1,9.04,clear sky
625,Los Algarrobos,PA,8.5,-82.4333,84.61,70,40,10.36,scattered clouds
626,Kyshtovka,RU,56.555,76.6271,35.85,86,100,10.47,overcast clouds
627,Emba,KZ,48.8264,58.1442,49.71,72,2,9.82,clear sky
628,Kavieng,PG,-2.5744,150.7967,83.41,75,35,9.51,scattered clouds
629,Slave Lake,CA,55.2834,-114.769,40.98,93,100,11.5,overcast clouds
630,Carahue,CL,-38.7,-73.1667,48.69,94,3,3.02,clear sky
631,Hobyo,SO,5.3505,48.5268,84.76,72,100,18.97,overcast clouds
632,Sao Miguel Do Araguaia,BR,-13.275,-50.1628,77.99,55,13,2.57,few clouds
633,Tambura,SS,5.6,27.4667,73.22,70,54,5.23,broken clouds
634,Haldensleben,DE,52.2891,11.4098,49.73,84,100,3.74,overcast clouds
635,Pingliang,CN,35.5392,106.6861,46.24,26,0,7.52,clear sky
636,Brae,GB,60.3964,-1.353,46.98,95,100,7.11,overcast clouds
637,Newcastle,AU,-32.9272,151.7765,58.78,97,100,4.61,light rain
638,Makakilo City,US,21.3469,-158.0858,80.92,58,20,25.32,few clouds
639,Konongo,GH,6.6167,-1.2167,75.49,90,95,2.48,overcast clouds
640,Karratha,AU,-20.7377,116.8463,79.36,51,100,11.36,overcast clouds
641,Kamuli,UG,0.9472,33.1197,64.36,97,99,2.55,overcast clouds
642,Roma,US,43.2128,-75.4557,71.74,26,0,5.75,clear sky
643,Shar,KZ,49.5886,81.0453,66.49,23,100,9.28,overcast clouds
644,San Cristobal,VE,7.7669,-72.225,82.58,73,62,5.17,broken clouds
645,Sola,VU,-13.8833,167.55,81.97,72,100,4.52,overcast clouds
646,Ndele,CF,8.4109,20.6473,76.66,75,97,9.26,overcast clouds
647,Kommunisticheskiy,RU,61.6789,64.4819,29.19,96,100,11.07,snow
648,Coria,ES,39.9879,-6.5377,55.45,69,8,2.95,clear sky
649,Kongolo,CD,-5.3833,27.0,70.09,97,100,3.13,overcast clouds
650,Damietta,EG,31.4165,31.8133,67.89,80,20,5.66,few clouds
651,Pangody,RU,65.85,74.4859,18.64,97,100,0.4,overcast clouds
652,Kokkola,FI,63.8385,23.1307,41.04,82,0,8.05,clear sky
653,Broken Hill,AU,-31.95,141.4333,46.11,87,0,0.0,clear sky
654,Puerto Narino,CO,-3.7703,-70.3831,77.61,95,88,1.03,overcast clouds
655,Uruzgan,AF,32.8333,66.0,70.43,30,100,2.57,overcast clouds
656,Hamada,JP,34.8833,132.0833,53.28,65,18,11.01,few clouds
657,Buala,SB,-8.145,159.5921,82.18,78,98,5.5,light rain
658,Lerdo,MX,25.5333,-103.5333,98.47,3,75,8.05,broken clouds
659,Mezen,RU,65.8522,44.24,21.06,96,47,6.02,scattered clouds
660,Nouadhibou,MR,20.931,-17.0347,67.98,83,0,14.97,dust
661,Brownsville,US,25.9018,-97.4975,89.6,67,75,19.57,broken clouds
662,Morro Bay,US,35.3658,-120.8499,81.72,51,11,8.99,few clouds
663,Bontang,ID,0.1333,117.5,78.71,87,100,3.06,overcast clouds
664,Imphal,IN,24.8167,93.95,63.03,89,99,1.74,overcast clouds
665,Behshahr,IR,36.6923,53.5526,60.96,91,97,6.93,overcast clouds
666,Swan River,CA,52.1058,-101.2676,46.29,57,99,14.97,overcast clouds
667,Piet Retief,ZA,-27.0071,30.8132,47.48,94,0,2.28,clear sky
668,Santona,ES,43.4439,-3.4576,58.06,86,80,5.55,broken clouds
669,Staraya Toropa,RU,56.2801,31.6702,36.99,70,66,2.89,broken clouds
670,Konibodom,TJ,40.2843,70.4426,78.44,28,100,0.47,overcast clouds
671,Tacuarembo,UY,-31.7333,-55.9833,53.76,88,3,7.11,clear sky
672,Calabozo,VE,8.9242,-67.4293,87.39,50,93,2.73,overcast clouds
673,Aswan,EG,24.0934,32.907,87.1,12,0,6.91,clear sky
674,Bam,IR,29.106,58.357,72.52,36,2,1.83,clear sky
675,Mehran,IR,33.1222,46.1646,76.84,37,3,1.97,clear sky
676,Verkhoyansk,RU,67.5447,133.385,28.11,80,90,2.89,overcast clouds
677,Mont-De-Marsan,FR,44.0,-0.6667,57.61,85,100,8.05,overcast clouds
678,Aden,YE,12.7794,45.0367,84.49,68,91,7.52,overcast clouds
679,Naryan-Mar,RU,67.6713,53.087,11.55,96,84,9.06,broken clouds
680,Adilabad,IN,19.6667,78.5333,93.81,18,62,3.2,broken clouds
681,Puerto Plata,DO,19.7934,-70.6884,80.44,83,75,11.5,broken clouds
682,San Ignacio,BZ,17.1561,-89.0714,96.94,46,40,6.91,scattered clouds
683,Zabid,YE,14.1951,43.3152,87.13,59,24,5.01,few clouds
684,Boyolangu,ID,-8.1181,111.8935,75.63,93,89,0.49,overcast clouds
685,San Bartolome De Tirajana,ES,27.9248,-15.5733,58.32,78,20,24.16,few clouds
686,Sisophon,KH,13.5859,102.9737,75.63,86,100,11.86,moderate rain
687,Tateyama,JP,34.9833,139.8667,56.1,78,100,8.66,overcast clouds
688,Galle,LK,6.0367,80.217,81.3,83,99,14.25,overcast clouds
689,Songadh,IN,21.1667,73.5667,81.45,79,1,10.87,clear sky
690,Sholokhove,UA,47.6945,34.0312,48.25,75,20,8.75,few clouds
691,Chumikan,RU,54.7183,135.315,30.04,92,93,4.16,overcast clouds
692,Goruia,RO,45.1862,21.7781,59.77,55,12,13.0,light rain
693,Mancio Lima,BR,-7.6142,-72.8958,86.07,66,20,2.3,few clouds
694,Dombarovskiy,RU,50.7587,59.5386,48.09,69,44,14.5,scattered clouds
695,Letlhakane,BW,-21.4167,25.5833,61.25,72,6,12.12,clear sky
696,Aykhal,RU,66.0,111.5,10.99,86,15,8.41,few clouds
697,Shenjiamen,CN,29.9576,122.298,55.94,82,100,4.83,overcast clouds
698,Mananara,MG,-16.1667,49.7667,74.61,91,77,2.93,broken clouds
699,Belmonte,BR,-15.8631,-38.8828,76.24,78,0,6.58,clear sky
700,Assare,BR,-6.8744,-39.875,78.53,51,60,2.13,broken clouds
701,Orocue,CO,4.7912,-71.3354,83.88,67,79,3.62,broken clouds
702,Okha,RU,53.5739,142.9478,31.23,93,100,5.88,overcast clouds
703,Mbanza-Ngungu,CD,-5.25,14.8667,69.62,91,100,2.66,light rain
704,Bindura,ZW,-17.3019,31.3306,57.4,87,62,3.51,broken clouds
705,Mnogovershinnyy,RU,53.9353,139.9242,29.46,96,99,3.24,overcast clouds
706,Ambilobe,MG,-13.2,49.05,72.95,97,40,3.06,scattered clouds
